datetime,open,high,low,close,volume
2025.01.02 04:00,163.14200,163.18600,162.77200,162.92700,12949
2025.01.02 08:00,162.92800,162.92800,161.95800,162.30500,29523
2025.01.02 12:00,162.30500,162.54600,161.68900,161.74200,35308
2025.01.02 16:00,161.74100,161.97700,160.89500,161.73400,50719
2025.01.02 20:00,161.73500,161.80500,161.48700,161.69400,24064
2025.01.03 00:00,161.61100,161.74800,161.45000,161.48500,10664
2025.01.03 04:00,161.48500,161.71700,161.43800,161.56800,14541
2025.01.03 08:00,161.56700,161.91100,161.38100,161.81100,24835
2025.01.03 12:00,161.80900,161.98700,161.60900,161.78500,24823
2025.01.03 16:00,161.78400,162.06900,161.61900,161.84400,33867
2025.01.03 20:00,161.84500,162.20000,161.77900,162.06600,15698
2025.01.06 00:00,161.83300,162.55600,161.83300,162.53100,15935
2025.01.06 04:00,162.53200,162.80600,162.51000,162.64500,15212
2025.01.06 08:00,162.64500,163.50500,162.48600,163.33700,23439
2025.01.06 12:00,163.33800,164.01200,162.92100,163.13400,44135
2025.01.06 16:00,163.13000,163.82900,162.59100,163.60300,40745
2025.01.06 20:00,163.60300,163.80100,163.48300,163.76700,20989
2025.01.07 00:00,163.63400,164.38800,163.54800,164.33900,16026
2025.01.07 04:00,164.34000,164.37600,164.10200,164.12000,15795
2025.01.07 08:00,164.12100,164.43400,163.78800,164.32600,29810
2025.01.07 12:00,164.32500,164.54100,163.81200,163.91800,26042
2025.01.07 16:00,163.91700,164.22300,163.38100,163.47700,40863
2025.01.07 20:00,163.47400,163.49200,163.20400,163.39100,18157
2025.01.08 00:00,163.39400,163.68400,163.31400,163.53600,13788
2025.01.08 04:00,163.53600,163.80100,163.51100,163.78100,10937
2025.01.08 08:00,163.77900,163.79400,163.11600,163.20700,25811
2025.01.08 12:00,163.20500,163.38500,162.83100,163.01300,38904
2025.01.08 16:00,163.01300,163.30000,162.92700,163.22700,37287
2025.01.08 20:00,163.22600,163.50500,163.18200,163.38700,22822
2025.01.09 00:00,163.28900,163.41400,163.02900,163.07700,11622
2025.01.09 04:00,163.07700,163.12600,162.62000,162.90400,14697
2025.01.09 08:00,162.90400,163.10900,162.66600,162.91500,26485
2025.01.09 12:00,162.91500,162.94800,162.36600,162.50700,23839
2025.01.09 16:00,162.50700,162.83800,162.50700,162.80500,18036
2025.01.09 20:00,162.80500,162.90900,162.78700,162.83400,5957
2025.01.10 00:00,162.84100,162.97100,162.60500,162.90300,14523
2025.01.10 04:00,162.90400,163.10900,162.89900,162.93700,11700
2025.01.10 08:00,162.93800,163.17900,162.35900,162.66800,25118
2025.01.10 12:00,162.66800,162.94600,162.23000,162.61400,28120
2025.01.10 16:00,162.61600,162.76600,161.20100,161.52500,48310
2025.01.10 20:00,161.52500,161.77800,161.48800,161.51600,17574
2025.01.13 00:00,161.51600,161.77400,161.07100,161.24800,13515
2025.01.13 04:00,161.24400,161.46800,160.65800,160.85500,17738
2025.01.13 08:00,160.85300,161.19000,160.02800,160.13700,32418
2025.01.13 12:00,160.13800,160.67300,160.07500,160.46500,30119
2025.01.13 16:00,160.46500,160.97200,160.31300,160.75300,32217
2025.01.13 20:00,160.75400,161.32900,160.70600,161.26700,18291
2025.01.14 00:00,161.31600,161.85300,160.95800,161.34700,21324
2025.01.14 04:00,161.34800,161.74500,161.25600,161.43000,17578
2025.01.14 08:00,161.43000,162.13100,161.35100,162.02800,28419
2025.01.14 12:00,162.02800,162.12100,161.56900,161.75500,26934
2025.01.14 16:00,161.76300,162.71800,161.70900,162.68200,37666
2025.01.14 20:00,162.68000,162.83900,162.56900,162.81600,14949
2025.01.15 00:00,162.76100,162.88400,162.55300,162.63200,12439
2025.01.15 04:00,162.63200,162.69100,161.89300,161.92600,18447
2025.01.15 08:00,161.92800,162.11600,161.52700,161.71600,29085
2025.01.15 12:00,161.71800,161.90800,161.53500,161.77700,28040
2025.01.15 16:00,161.77400,161.81200,160.77000,161.01400,40266
2025.01.15 20:00,161.01400,161.11400,160.94000,160.98600,13659
2025.01.16 00:00,160.89500,161.07600,159.98900,160.04100,17446
2025.01.16 04:00,160.04700,160.52800,159.73500,160.51400,22122
2025.01.16 08:00,160.51400,160.87700,160.05000,160.12800,25223
2025.01.16 12:00,160.12900,160.48600,160.02900,160.28900,26517
2025.01.16 16:00,160.28700,160.55000,159.81900,159.86600,40556
2025.01.16 20:00,159.86500,160.04800,159.69200,159.78300,14968
2025.01.17 00:00,159.74800,160.14600,159.66900,159.93900,14300
2025.01.17 04:00,159.93800,160.19500,159.91600,160.11800,15905
2025.01.17 08:00,160.11700,160.49200,159.88500,160.33800,22539
2025.01.17 12:00,160.33800,160.52400,160.01900,160.19300,22275
2025.01.17 16:00,160.19300,161.00200,159.93900,160.64100,34733
2025.01.17 20:00,160.64000,160.68500,160.41200,160.45600,15248
2025.01.20 00:00,160.41900,160.80000,160.30700,160.45300,15499
2025.01.20 04:00,160.45200,160.77900,160.39300,160.77300,16211
2025.01.20 08:00,160.77200,161.17100,160.71200,161.06000,21829
2025.01.20 12:00,161.06000,162.09500,161.06000,161.90900,25102
2025.01.20 16:00,161.91000,162.30600,161.51500,161.82200,38307
2025.01.20 20:00,161.82400,162.25100,161.78900,162.07500,19537
2025.01.21 00:00,161.90300,162.12600,161.20800,161.29600,29699
2025.01.21 04:00,161.29300,161.34300,160.94500,161.18800,28135
2025.01.21 08:00,161.19100,161.59000,161.17800,161.36400,30268
2025.01.21 12:00,161.36400,161.50600,161.23200,161.35200,26834
2025.01.21 16:00,161.35300,162.16900,161.29700,162.12000,35381
2025.01.21 20:00,162.11700,162.21600,162.00300,162.06800,13737
2025.01.22 00:00,162.07600,162.19400,161.85500,162.05600,17585
2025.01.22 04:00,162.05600,162.37600,162.02300,162.30000,15260
2025.01.22 08:00,162.30000,162.62400,162.04700,162.61500,26208
2025.01.22 12:00,162.61600,162.88700,162.52300,162.61200,21961
2025.01.22 16:00,162.61200,163.20700,162.41500,163.14300,26919
2025.01.22 20:00,163.14200,163.15000,162.90500,162.91600,11275
2025.01.23 00:00,162.88100,162.88300,162.71000,162.86000,13939
2025.01.23 04:00,162.86000,163.11900,162.73600,163.04400,16640
2025.01.23 08:00,163.04500,163.08300,162.62300,162.80600,23424
2025.01.23 12:00,162.80700,162.93600,162.49900,162.61300,25189
2025.01.23 16:00,162.61500,162.82800,162.18600,162.69800,34958
2025.01.23 20:00,162.69700,162.70300,162.35500,162.53400,14729
2025.01.24 00:00,162.43100,162.81600,162.37800,162.80200,12681
2025.01.24 04:00,162.80200,163.24900,161.90500,162.35800,31192
2025.01.24 08:00,162.35700,163.32700,162.07900,163.26800,38977
2025.01.24 12:00,163.26700,163.98600,163.24300,163.64000,25797
2025.01.24 16:00,163.64100,164.07400,163.55900,163.69700,33742
2025.01.24 20:00,163.69700,163.76200,163.49200,163.68700,14900
2025.01.27 00:00,163.13000,163.33700,162.59800,162.67200,18062
2025.01.27 04:00,162.67300,163.28600,162.60400,163.27900,18916
2025.01.27 08:00,163.28000,163.44600,162.06200,162.14800,35070
2025.01.27 12:00,162.14800,162.39500,161.53400,162.21100,42969
2025.01.27 16:00,162.21400,162.37400,161.72600,161.82800,41464
2025.01.27 20:00,161.82800,162.31200,161.77500,162.08500,20614
2025.01.28 00:00,162.06300,162.51100,161.55700,162.28700,24607
2025.01.28 04:00,162.29000,162.66900,162.17000,162.49100,22217
2025.01.28 08:00,162.49100,162.69500,162.12100,162.20600,28940
2025.01.28 12:00,162.20600,162.26000,161.77900,162.08600,25239
2025.01.28 16:00,162.08400,162.43800,161.74800,162.26000,29290
2025.01.28 20:00,162.25800,162.36400,162.17600,162.20300,13367
2025.01.29 00:00,162.17300,162.47700,162.04400,162.35900,11506
2025.01.29 04:00,162.35800,162.43900,161.82100,161.83500,15216
2025.01.29 08:00,161.83300,162.18400,161.59000,161.61000,27601
2025.01.29 12:00,161.60900,161.74900,161.29900,161.44300,26080
2025.01.29 16:00,161.44100,161.81200,161.36800,161.58500,29738
2025.01.29 20:00,161.58600,161.83800,161.53100,161.74800,29905
2025.01.30 00:00,161.62600,161.78800,160.97300,161.12900,17297
2025.01.30 04:00,161.13100,161.19500,160.82200,160.99400,20085
2025.01.30 08:00,160.99400,161.17500,160.60400,160.73300,25656
2025.01.30 12:00,160.73400,160.96300,160.22200,160.92300,29073
2025.01.30 16:00,160.91300,161.08300,160.48000,160.72600,31700
2025.01.30 20:00,160.72500,161.02400,160.19100,160.28700,21484
2025.01.31 00:00,160.18700,160.48000,159.90400,160.07300,19331
2025.01.31 04:00,160.07500,160.85200,159.96000,160.72300,21450
2025.01.31 08:00,160.72400,161.03900,160.17000,160.64400,27755
2025.01.31 12:00,160.64400,160.99800,160.38000,160.70500,26068
2025.01.31 16:00,160.70700,161.49500,160.19800,161.25600,38393
2025.01.31 20:00,161.25400,161.34200,160.47000,160.71400,33275
2025.02.03 00:00,158.54500,159.70700,158.51800,159.40000,36265
2025.02.03 04:00,159.40200,159.45300,158.92700,159.30600,31593
2025.02.03 08:00,159.30700,159.37200,158.51200,158.54800,37527
2025.02.03 12:00,158.54500,158.93800,158.35600,158.72400,34102
2025.02.03 16:00,158.72600,159.80100,157.96300,158.96800,51872
2025.02.03 20:00,158.96800,160.12900,158.80500,160.04300,23933
2025.02.04 00:00,159.89800,160.46800,159.87000,160.09500,18913
2025.02.04 04:00,160.09600,160.20500,159.17100,159.79000,24900
2025.02.04 08:00,159.78900,160.64800,159.73600,160.59400,29697
2025.02.04 12:00,160.59400,160.63200,160.17500,160.53900,23055
2025.02.04 16:00,160.54100,160.69400,159.99800,160.07500,34849
2025.02.04 20:00,160.07500,160.22400,160.04100,160.17500,15364
2025.02.05 00:00,160.09200,160.29500,159.26200,159.33600,20393
2025.02.05 04:00,159.32800,159.36400,158.92700,159.21900,22824
2025.02.05 08:00,159.21900,159.53400,158.88000,159.00700,28980
2025.02.05 12:00,159.00700,159.43800,158.84400,159.27900,25280
2025.02.05 16:00,159.27900,159.59200,158.49400,158.67900,34267
2025.02.05 20:00,158.67700,158.92100,158.62400,158.71700,16329
2025.02.06 00:00,158.60500,158.85000,157.91100,158.13900,15251
2025.02.06 04:00,158.13300,158.40900,158.03700,158.30100,18565
2025.02.06 08:00,158.30100,158.60300,158.07300,158.14100,25920
2025.02.06 12:00,158.14100,158.16200,157.49400,157.55200,29556
2025.02.06 16:00,157.55300,157.75300,157.22600,157.62300,30766
2025.02.06 20:00,157.62400,157.68500,157.03100,157.17900,18072
2025.02.07 00:00,157.11100,157.39800,156.75400,157.39400,15825
2025.02.07 04:00,157.39400,157.58400,157.26600,157.40900,15797
2025.02.07 08:00,157.41000,157.88800,157.24700,157.76000,20505
2025.02.07 12:00,157.76000,158.00600,157.29800,157.47500,26433
2025.02.07 16:00,157.47600,157.63900,155.86000,156.54200,49557
2025.02.07 20:00,156.54300,156.67100,156.20300,156.32500,20068
2025.02.10 00:00,155.68800,156.81700,155.61700,156.61500,19031
2025.02.10 04:00,156.61400,156.91800,156.55700,156.75600,15187
2025.02.10 08:00,156.75600,157.41400,156.54300,157.16900,24628
2025.02.10 12:00,157.16700,157.28900,156.72200,156.74700,22066
2025.02.10 16:00,156.74400,156.75800,156.28300,156.60800,26225
2025.02.10 20:00,156.60900,156.76600,156.57800,156.64900,12298
2025.02.11 00:00,156.60800,156.68200,156.24800,156.60000,12277
2025.02.11 04:00,156.59600,156.62500,156.36900,156.57600,11576
2025.02.11 08:00,156.57900,156.81600,156.32300,156.77200,23486
2025.02.11 12:00,156.76900,157.34900,156.76300,157.21300,21021
2025.02.11 16:00,157.21300,157.79300,157.16100,157.62300,27698
2025.02.11 20:00,157.62300,158.19100,157.56900,157.97800,19737
2025.02.12 00:00,157.92200,159.00100,157.84000,159.00000,14848
2025.02.12 04:00,159.00100,159.30500,158.93300,159.04000,17740
2025.02.12 08:00,159.03900,159.65900,158.96300,159.24500,22258
2025.02.12 12:00,159.24600,159.56200,158.89700,159.55500,26550
2025.02.12 16:00,159.55300,160.93900,159.39300,160.92400,40315
2025.02.12 20:00,160.92300,160.95900,160.25900,160.30700,21611
2025.02.13 00:00,160.20800,160.66100,160.17900,160.41500,17098
2025.02.13 04:00,160.41600,161.17800,160.37100,160.86600,19376
2025.02.13 08:00,160.86600,160.94600,160.27400,160.48500,27873
2025.02.13 12:00,160.48600,160.56800,159.42300,159.53400,31602
2025.02.13 16:00,159.53500,160.34400,159.31000,159.67600,36154
2025.02.13 20:00,159.67500,159.92200,158.99700,159.89600,26022
2025.02.14 00:00,159.85400,160.15100,159.46500,159.57000,17617
2025.02.14 04:00,159.57000,159.97200,159.42100,159.51800,16180
2025.02.14 08:00,159.51700,160.18400,159.44000,159.83900,29116
2025.02.14 12:00,159.84100,160.25500,159.53400,159.59900,27084
2025.02.14 16:00,159.59800,160.03200,159.58300,160.01100,27548
2025.02.14 20:00,160.01100,160.05700,159.67300,159.74700,14596
2025.02.17 00:00,159.52500,159.81600,159.19900,159.56900,16075
2025.02.17 04:00,159.56700,159.58900,158.90400,158.94000,22896
2025.02.17 08:00,158.94100,159.26900,158.89700,158.99700,25827
2025.02.17 12:00,158.99700,159.10700,158.53400,158.65300,20335
2025.02.17 16:00,158.65000,158.77900,158.52300,158.68200,15847
2025.02.17 20:00,158.68200,158.84800,158.63800,158.81000,5782
2025.02.18 00:00,158.67600,158.98700,158.53100,158.79400,16579
2025.02.18 04:00,158.79300,159.17500,158.76500,158.91700,19185
2025.02.18 08:00,158.91700,159.18800,158.79900,158.87100,23021
2025.02.18 12:00,158.87100,158.90300,158.38600,158.43400,20237
2025.02.18 16:00,158.43400,158.82900,158.36300,158.69800,23368
2025.02.18 20:00,158.69800,158.91200,158.53500,158.83500,16740
2025.02.19 00:00,158.74800,158.93800,158.48700,158.92300,15632
2025.02.19 04:00,158.92300,159.12000,158.57900,158.67500,20416
2025.02.19 08:00,158.67500,158.71300,158.11000,158.15900,25745
2025.02.19 12:00,158.16000,158.47900,158.07600,158.26900,25022
2025.02.19 16:00,158.26900,158.28400,157.70700,157.92400,28178
2025.02.19 20:00,157.92300,158.06200,157.84900,157.85700,15673
2025.02.20 00:00,157.76300,157.84200,156.94200,156.98300,19350
2025.02.20 04:00,156.98200,157.33200,156.65900,156.83600,22946
2025.02.20 08:00,156.83600,156.98200,156.31600,156.87900,27212
2025.02.20 12:00,156.87800,156.87800,156.48800,156.81200,25263
2025.02.20 16:00,156.81000,156.95600,156.31000,156.78600,33189
2025.02.20 20:00,156.78600,157.32000,156.76500,157.11300,16310
2025.02.21 00:00,156.99400,157.76600,156.80800,157.66300,19836
2025.02.21 04:00,157.66200,158.21400,157.57500,157.77000,23324
2025.02.21 08:00,157.77000,158.15700,157.40000,157.53300,27738
2025.02.21 12:00,157.53100,157.67900,157.25900,157.58200,22752
2025.02.21 16:00,157.58200,157.63100,156.08400,156.12400,37387
2025.02.21 20:00,156.12400,156.20300,155.80800,156.12500,31099
2025.02.24 00:00,156.20100,156.99000,156.10100,156.96100,22991
2025.02.24 04:00,156.96000,157.25000,156.83900,157.11100,23457
2025.02.24 08:00,157.11100,157.16300,156.34500,156.61000,33274
2025.02.24 12:00,156.60800,156.89100,156.56000,156.74900,28512
2025.02.24 16:00,156.75000,156.85600,156.08000,156.64000,36536
2025.02.24 20:00,156.63900,156.98300,156.57600,156.70300,25440
2025.02.25 00:00,156.57800,157.23500,156.51700,157.02300,17508
2025.02.25 04:00,157.02300,157.08900,156.53900,156.84700,22653
2025.02.25 08:00,156.84600,156.97200,156.07600,156.67000,36532
2025.02.25 12:00,156.67000,157.30100,156.64700,156.90300,29684
2025.02.25 16:00,156.90200,156.96500,156.16200,156.55500,43064
2025.02.25 20:00,156.55400,156.92000,156.54900,156.67700,25869
2025.02.26 00:00,156.59600,156.91200,156.40600,156.90500,17025
2025.02.26 04:00,156.90500,157.08700,156.73800,156.77300,21585
2025.02.26 08:00,156.77200,157.04200,156.65900,156.77700,28293
2025.02.26 12:00,156.77800,157.01500,156.60700,156.76900,27597
2025.02.26 16:00,156.76900,157.12100,156.32600,156.48300,40445
2025.02.26 20:00,156.48300,156.53300,156.02400,156.29700,30457
2025.02.27 00:00,156.23100,156.53900,155.98600,156.49600,17109
2025.02.27 04:00,156.49600,156.52700,155.94400,156.28000,20869
2025.02.27 08:00,156.28000,157.21100,156.18200,157.08700,27987
2025.02.27 12:00,157.08700,157.16600,155.95600,156.05900,30043
2025.02.27 16:00,156.05900,156.57200,155.74400,156.06500,46003
2025.02.27 20:00,156.06700,156.39200,155.65200,155.75200,29232
2025.02.28 00:00,155.71700,156.05300,155.03100,155.03800,20311
2025.02.28 04:00,155.04000,155.70300,154.78800,155.64600,24535
2025.02.28 08:00,155.64700,156.78100,155.59500,156.18400,31681
2025.02.28 12:00,156.18600,157.15500,156.17300,156.77200,27892
2025.02.28 16:00,156.77100,157.10600,156.26000,156.32100,47744
2025.02.28 20:00,156.32000,156.40500,155.76200,156.21400,32049
2025.03.03 00:00,156.76100,157.29800,156.56200,156.71400,23866
2025.03.03 04:00,156.71400,156.81200,156.43500,156.63700,24986
2025.03.03 08:00,156.63800,156.79800,155.91400,156.74900,32946
2025.03.03 12:00,156.74900,158.46200,156.74800,158.08600,35095
2025.03.03 16:00,158.08600,158.19200,157.44000,157.53800,44687
2025.03.03 20:00,157.53900,157.68900,156.07900,156.76500,38990
2025.03.04 00:00,156.79600,156.91400,155.92100,156.20200,24057
2025.03.04 04:00,156.19900,156.63900,156.04100,156.59500,30092
2025.03.04 08:00,156.59700,157.19600,156.23900,156.67200,44982
2025.03.04 12:00,156.66900,156.67200,156.07700,156.19100,41333
2025.03.04 16:00,156.19100,156.91600,155.58700,156.79600,58770
2025.03.04 20:00,156.79700,159.20100,156.74700,159.13900,46898
2025.03.05 00:00,159.03600,159.53000,158.72400,159.15600,24022
2025.03.05 04:00,159.15500,159.31800,158.73300,159.16400,29467
2025.03.05 08:00,159.16100,160.10700,158.94200,159.99700,43346
2025.03.05 12:00,160.00000,160.17900,159.46100,159.67900,41988
2025.03.05 16:00,159.67900,160.59500,159.51200,160.54500,61681
2025.03.05 20:00,160.54500,160.72100,160.21300,160.61200,33051
2025.03.06 00:00,160.58000,161.27000,160.33900,161.13300,17584
2025.03.06 04:00,161.13200,161.22900,160.89000,160.99700,26559
2025.03.06 08:00,160.99600,161.04700,159.39600,159.70500,48372
2025.03.06 12:00,159.70400,159.94900,159.11800,159.59000,42800
2025.03.06 16:00,159.59000,160.70500,159.41300,159.69300,64119
2025.03.06 20:00,159.69500,159.81900,159.11600,159.50600,37431
2025.03.07 00:00,159.59100,159.81400,159.31600,159.57900,19586
2025.03.07 04:00,159.57900,159.75900,159.26700,159.44300,25606
2025.03.07 08:00,159.44200,160.31900,159.36200,160.13300,40129
2025.03.07 12:00,160.13300,160.55400,159.63800,159.66100,39489
2025.03.07 16:00,159.65700,160.74800,159.42000,159.91500,63231
2025.03.07 20:00,159.91500,160.65500,159.90600,160.31600,35091
2025.03.10 00:00,160.27100,160.36800,159.77400,159.98100,25969
2025.03.10 04:00,159.98000,160.09700,159.83000,159.83400,22415
2025.03.10 08:00,159.83800,160.22200,159.03500,159.75900,39245
2025.03.10 12:00,159.75800,159.90500,158.88400,159.34300,47428
2025.03.10 16:00,159.34200,159.68700,158.92500,159.39300,51230
2025.03.10 20:00,159.39300,159.62300,159.14700,159.42200,25892
2025.03.11 00:00,159.44500,159.45900,158.95800,159.39400,26577
2025.03.11 04:00,159.39300,159.82500,159.33500,159.56200,31135
2025.03.11 08:00,159.56100,160.91900,159.53000,160.75300,43833
2025.03.11 12:00,160.75200,161.72600,160.50200,161.38000,43482
2025.03.11 16:00,161.37300,161.59300,160.62200,160.93200,59662
2025.03.11 20:00,160.93200,161.77900,160.90200,161.13800,31965
2025.03.12 00:00,161.25600,161.67700,161.20800,161.44600,20253
2025.03.12 04:00,161.44600,161.60300,161.19900,161.42100,22770
2025.03.12 08:00,161.42300,162.32300,161.31400,162.18700,38519
2025.03.12 12:00,162.18700,162.35000,161.65800,161.81400,42909
2025.03.12 16:00,161.81400,162.14500,161.54700,161.55200,47806
2025.03.12 20:00,161.55100,161.67000,161.31300,161.33400,20800
2025.03.13 00:00,161.38400,161.48800,161.22400,161.27800,16090
2025.03.13 04:00,161.27800,161.50600,160.72900,160.79200,21764
2025.03.13 08:00,160.79200,161.19700,160.40700,161.17000,36353
2025.03.13 12:00,161.17300,161.26000,160.34800,160.64900,40430
2025.03.13 16:00,160.64700,160.98100,160.04800,160.23900,46274
2025.03.13 20:00,160.23500,160.45200,160.15600,160.30900,19343
2025.03.14 00:00,160.43200,160.98100,160.39000,160.62400,17321
2025.03.14 04:00,160.62600,161.19200,160.59100,161.09100,19754
2025.03.14 08:00,161.09100,161.72900,161.01400,161.65900,33017
2025.03.14 12:00,161.66200,162.32700,161.54200,161.66600,37106
2025.03.14 16:00,161.67300,162.02800,161.27300,161.52600,38761
2025.03.14 20:00,161.52600,161.79500,161.48700,161.65500,14425
2025.03.17 00:00,161.80900,161.94000,161.53000,161.73100,16107
2025.03.17 04:00,161.73000,162.25200,161.63100,162.04600,17776
2025.03.17 08:00,162.04500,162.19600,161.71200,162.03300,28555
2025.03.17 12:00,162.03300,162.55600,161.71800,162.28900,31564
2025.03.17 16:00,162.29000,162.62500,162.10300,162.59800,37654
2025.03.17 20:00,162.59800,163.04300,162.56000,162.82300,16451
2025.03.18 00:00,162.91500,163.22000,162.89900,163.07800,14197
2025.03.18 04:00,163.07800,163.35700,163.07100,163.33400,15331
2025.03.18 08:00,163.33500,164.18000,163.32500,164.01900,25116
2025.03.18 12:00,164.01900,164.04900,163.19100,163.25200,30195
2025.03.18 16:00,163.25000,163.57700,163.00200,163.43000,38926
2025.03.18 20:00,163.43300,163.50800,163.16600,163.37300,14787
2025.03.19 00:00,163.31300,163.67100,163.29200,163.48800,13829
2025.03.19 04:00,163.48800,163.74300,163.25500,163.74200,13505
2025.03.19 08:00,163.74300,163.87700,162.18700,163.29100,30487
2025.03.19 12:00,163.29000,163.60500,163.09200,163.52100,24674
2025.03.19 16:00,163.52000,163.65400,162.83600,162.95800,27653
2025.03.19 20:00,162.93800,163.05000,162.02900,162.25100,30099
2025.03.20 00:00,162.29500,162.31600,161.65700,161.73200,14932
2025.03.20 04:00,161.73000,161.96600,161.62600,161.64900,17235
2025.03.20 08:00,161.64900,161.74900,161.14100,161.41200,28713
2025.03.20 12:00,161.41200,161.42300,160.73400,161.05800,32646
2025.03.20 16:00,161.05300,161.58700,160.97700,161.32500,35847
2025.03.20 20:00,161.32500,161.55600,161.28900,161.46800,15536
2025.03.21 00:00,161.47000,161.90800,161.29200,161.79300,15172
2025.03.21 04:00,161.79300,161.96100,161.54000,161.93800,17217
2025.03.21 08:00,161.93900,162.12500,161.59500,161.71500,25553
2025.03.21 12:00,161.71500,161.93700,160.89900,161.25100,32127
2025.03.21 16:00,161.25100,161.59700,160.73400,161.49800,34824
2025.03.21 20:00,161.49800,161.56200,161.34400,161.42700,13223
2025.03.24 00:00,161.77100,162.30800,161.73600,162.18600,17528
2025.03.24 04:00,162.18700,162.31500,161.98700,162.09600,14844
2025.03.24 08:00,162.09500,162.56800,161.93500,162.11200,27771
2025.03.24 12:00,162.11200,162.39300,161.98800,162.15700,27358
2025.03.24 16:00,162.15100,162.81100,162.12400,162.46400,30100
2025.03.24 20:00,162.46300,162.82400,162.35900,162.62400,13318
2025.03.25 00:00,162.75400,163.02000,162.69500,162.74900,14514
2025.03.25 04:00,162.75100,162.83700,162.50200,162.50300,15297
2025.03.25 08:00,162.50200,162.65900,162.31500,162.53200,22944
2025.03.25 12:00,162.53100,162.67200,162.00500,162.01400,28374
2025.03.25 16:00,162.01400,162.06000,161.61600,161.86800,28481
2025.03.25 20:00,161.86400,161.89800,161.64900,161.68900,12202
2025.03.26 00:00,161.76500,162.10900,161.66800,161.97800,13898
2025.03.26 04:00,161.97700,162.38700,161.95100,162.28400,12484
2025.03.26 08:00,162.28500,162.42800,161.95700,162.05100,25661
2025.03.26 12:00,162.05100,162.26600,161.97200,162.04800,26776
2025.03.26 16:00,162.04800,162.60300,161.62800,161.80100,34396
2025.03.26 20:00,161.79600,161.99900,161.56100,161.63700,16943
2025.03.27 00:00,161.62200,161.86800,161.36300,161.60200,18274
2025.03.27 04:00,161.60100,161.97900,161.60000,161.78900,16645
2025.03.27 08:00,161.78800,162.55700,161.66200,162.55300,31401
2025.03.27 12:00,162.55500,162.98400,162.39200,162.63700,30044
2025.03.27 16:00,162.63800,163.35400,162.59900,163.00200,37335
2025.03.27 20:00,163.00100,163.18600,162.98600,163.05200,12911
2025.03.28 00:00,163.08400,163.16400,162.66300,162.70800,15126
2025.03.28 04:00,162.70900,162.85400,162.64800,162.68100,16160
2025.03.28 08:00,162.68300,162.72500,162.06100,162.22500,25213
2025.03.28 12:00,162.22800,162.83200,162.16200,162.62000,29965
2025.03.28 16:00,162.61900,162.92500,162.14900,162.26600,40243
2025.03.28 20:00,162.26600,162.39200,162.06200,162.19400,16690
2025.03.31 00:00,162.13900,162.17800,161.47600,161.85900,21067
2025.03.31 04:00,161.86000,161.95700,161.16500,161.50900,25649
2025.03.31 08:00,161.50900,161.74300,161.03400,161.38300,37577
2025.03.31 12:00,161.38000,161.71500,161.25000,161.61700,32039
2025.03.31 16:00,161.61700,162.18100,161.40800,162.05600,45701
2025.03.31 20:00,162.05700,162.47600,162.04400,162.11600,24160
2025.04.01 00:00,162.19500,162.37500,162.01900,162.08900,12580
2025.04.01 04:00,162.08600,162.23400,161.89100,161.89200,19275
2025.04.01 08:00,161.89200,162.12800,161.52100,161.89400,30459
2025.04.01 12:00,161.89400,162.02200,160.76800,161.13800,33190
2025.04.01 16:00,161.13900,161.64800,160.99900,161.46300,45716
2025.04.01 20:00,161.46200,161.57000,161.06000,161.44900,26460
2025.04.02 00:00,161.40000,161.92800,161.24000,161.62700,13315
2025.04.02 04:00,161.62600,161.86400,161.61600,161.77500,17624
2025.04.02 08:00,161.77500,161.89000,161.35900,161.58400,26448
2025.04.02 12:00,161.58400,161.68600,161.10500,161.38800,32541
2025.04.02 16:00,161.38800,163.03000,161.33100,162.98600,44954
2025.04.02 20:00,162.98600,164.16800,161.37100,162.09500,45415
2025.04.03 00:00,161.82900,161.89100,160.10500,161.05000,40451
2025.04.03 04:00,161.05300,161.38500,160.62600,160.92600,37894
2025.04.03 08:00,160.92600,161.94700,160.83400,161.62400,53796
2025.04.03 12:00,161.62400,163.04300,161.43200,161.66700,56355
2025.04.03 16:00,161.66800,162.10300,161.09700,161.33100,68506
2025.04.03 20:00,161.32600,161.66900,160.97400,161.34000,40677
2025.04.04 00:00,161.36200,161.68700,160.94100,161.43700,23268
2025.04.04 04:00,161.43600,161.99200,161.15400,161.22900,37680
2025.04.04 08:00,161.23000,161.71500,160.65100,160.98800,54411
2025.04.04 12:00,160.99100,161.02600,159.57300,160.43600,76838
2025.04.04 16:00,160.44400,160.99700,159.00900,160.95600,79724
2025.04.04 20:00,160.95900,161.39600,160.42200,161.05800,59717
2025.04.07 00:00,158.43500,159.91400,158.15700,159.90800,49382
2025.04.07 04:00,159.91400,160.55400,159.80700,160.23900,55237
2025.04.07 08:00,160.24100,160.93600,159.73600,160.71400,66752
2025.04.07 12:00,160.71200,161.54200,159.89500,161.28300,65793
2025.04.07 16:00,161.28300,162.37300,160.52700,161.72000,84314
2025.04.07 20:00,161.72500,162.05800,161.07100,161.19000,58860
2025.04.08 00:00,161.06400,161.74300,161.06400,161.47200,25954
2025.04.08 04:00,161.47200,162.18100,161.36100,162.17800,39687
2025.04.08 08:00,162.17800,162.19700,160.85500,161.22300,51664
2025.04.08 12:00,161.22300,161.27000,160.43900,160.74200,50767
2025.04.08 16:00,160.74100,161.17800,160.05300,160.14300,66694
2025.04.08 20:00,160.14100,160.80200,160.01800,160.26300,57726
2025.04.09 00:00,160.18800,160.39800,159.62700,160.15500,31110
2025.04.09 04:00,160.15700,160.79300,159.88500,160.42300,58065
2025.04.09 08:00,160.42200,160.88500,160.03000,160.21400,70573
2025.04.09 12:00,160.21400,160.60300,159.47000,159.83400,64450
2025.04.09 16:00,159.83300,160.35100,159.51900,159.70300,59394
2025.04.09 20:00,159.70400,162.19200,159.42400,161.70800,64280
2025.04.10 00:00,161.61200,161.72200,161.06200,161.18900,32062
2025.04.10 04:00,161.18900,161.41500,160.86300,161.02100,43724
2025.04.10 08:00,161.02200,161.72300,160.93400,161.48100,50573
2025.04.10 12:00,161.48200,161.61900,160.94300,161.40900,50541
2025.04.10 16:00,161.40400,161.93300,161.10000,161.82400,68783
2025.04.10 20:00,161.82200,162.57000,161.60200,161.78500,54545
2025.04.11 00:00,161.74800,162.65500,161.29600,162.12600,36836
2025.04.11 04:00,162.12700,162.58700,161.78000,161.81400,47539
2025.04.11 08:00,161.81300,163.13200,161.70100,162.72700,62844
2025.04.11 12:00,162.72600,162.72900,161.50000,162.40100,64261
2025.04.11 16:00,162.40200,162.93000,162.16600,162.54700,70841
2025.04.11 20:00,162.54800,163.00400,162.52400,162.95800,38956
2025.04.14 00:00,162.70400,163.26700,162.34400,162.41000,29125
2025.04.14 04:00,162.41200,162.77400,162.08700,162.59400,38767
2025.04.14 08:00,162.59300,163.09300,162.38600,162.73400,44058
2025.04.14 12:00,162.73400,163.16800,162.71100,162.89500,39361
2025.04.14 16:00,162.89500,162.95300,162.26100,162.26700,56863
2025.04.14 20:00,162.27000,162.58000,162.07400,162.29600,35065
2025.04.15 00:00,162.21100,162.62000,162.21100,162.56800,17086
2025.04.15 04:00,162.56700,162.58200,162.19800,162.44200,24380
2025.04.15 08:00,162.44400,162.79700,162.06600,162.13800,36135
2025.04.15 12:00,162.14000,162.15900,161.56200,161.62600,37748
2025.04.15 16:00,161.62600,161.99700,161.29500,161.32000,47806
2025.04.15 20:00,161.31800,161.62700,161.28500,161.59200,22594
2025.04.16 00:00,161.44500,161.66900,161.24800,161.62900,17924
2025.04.16 04:00,161.63000,161.81500,161.44700,161.75200,23049
2025.04.16 08:00,161.75300,162.24900,161.37500,162.07000,39889
2025.04.16 12:00,162.06900,162.25100,161.61000,161.84500,38681
2025.04.16 16:00,161.84400,162.27300,161.76100,162.07300,42106
2025.04.16 20:00,162.07500,162.13400,161.54700,161.60500,36255
2025.04.17 00:00,161.52200,162.20500,161.40900,162.04500,21374
2025.04.17 04:00,162.04500,162.26100,161.88900,162.06300,25600
2025.04.17 08:00,162.06300,162.63000,161.89400,162.30700,30836
2025.04.17 12:00,162.30600,162.43300,161.45200,161.58400,33627
2025.04.17 16:00,161.58400,161.86900,161.23900,161.66100,46027
2025.04.17 20:00,161.66100,161.99600,161.52900,161.77300,25885
2025.04.18 00:00,161.84000,162.08600,161.63900,161.87400,10983
2025.04.18 04:00,161.87400,161.97300,161.67300,161.80900,30497
2025.04.18 08:00,161.80800,161.93500,161.65700,161.84500,38167
2025.04.18 12:00,161.83800,162.06000,161.76000,161.97600,31897
2025.04.18 16:00,161.98300,162.14600,161.79900,161.99700,27074
2025.04.18 20:00,161.99500,162.09400,161.80800,161.80800,18745
2025.04.21 00:00,161.79100,162.23000,161.51700,161.88000,22682
2025.04.21 04:00,161.88000,162.25200,161.63700,162.12100,28323
2025.04.21 08:00,162.12100,162.57000,161.93900,162.47600,29804
2025.04.21 12:00,162.47700,162.66100,162.30700,162.49300,28843
2025.04.21 16:00,162.49400,162.50400,161.77100,162.08600,31789
2025.04.21 20:00,162.08600,162.24700,161.88800,162.10000,20603
2025.04.22 00:00,162.09700,162.31200,161.80300,161.83900,15857
2025.04.22 04:00,161.83700,161.97500,161.56300,161.64300,25475
2025.04.22 08:00,161.63900,161.71000,161.24800,161.58000,36730
2025.04.22 12:00,161.58400,161.65200,160.97200,161.18100,31174
2025.04.22 16:00,161.18300,161.67600,161.12100,161.55900,39348
2025.04.22 20:00,161.55800,161.81000,161.42300,161.67300,27561
2025.04.23 00:00,161.66800,162.44300,161.45500,161.93500,32862
2025.04.23 04:00,161.93500,162.00100,161.59700,161.68400,30897
2025.04.23 08:00,161.68200,161.77400,161.14700,161.75900,36556
2025.04.23 12:00,161.75800,162.11600,161.57300,161.77500,31872
2025.04.23 16:00,161.77400,162.34700,161.64700,162.18300,55268
2025.04.23 20:00,162.18100,162.45700,162.03200,162.28500,30418
2025.04.24 00:00,162.25400,162.38100,161.82700,162.14600,18408
2025.04.24 04:00,162.14600,162.28400,161.84400,161.86600,24835
2025.04.24 08:00,161.86600,162.38100,161.82800,162.32400,31305
2025.04.24 12:00,162.31800,162.37100,161.85700,161.99700,29900
2025.04.24 16:00,161.99600,162.37200,161.92000,162.32300,37788
2025.04.24 20:00,162.32400,162.48900,162.25600,162.37400,20205
2025.04.25 00:00,162.34100,162.60700,162.19500,162.34600,14514
2025.04.25 04:00,162.34600,162.87200,162.12000,162.79300,26164
2025.04.25 08:00,162.79300,163.14400,162.65100,162.78600,30325
2025.04.25 12:00,162.78600,163.06200,162.66600,162.81400,28822
2025.04.25 16:00,162.81400,163.75000,162.78200,163.50000,33992
2025.04.25 20:00,163.49900,163.56200,163.12400,163.20600,18337
2025.04.28 00:00,163.14100,163.34800,163.00900,163.05500,13393
2025.04.28 04:00,163.05900,163.25300,162.88000,162.98600,19633
2025.04.28 08:00,162.98700,163.32500,162.82300,162.84000,26575
2025.04.28 12:00,162.82900,162.93500,162.68600,162.71100,26260
2025.04.28 16:00,162.71000,162.78600,162.32600,162.43000,35848
2025.04.28 20:00,162.43000,162.44300,162.16100,162.16900,19592
2025.04.29 00:00,162.15800,162.34300,162.01700,162.13000,11074
2025.04.29 04:00,162.13000,162.31000,162.11100,162.14500,21180
2025.04.29 08:00,162.14300,162.46900,162.07600,162.31900,27085
2025.04.29 12:00,162.31900,162.53400,162.19600,162.35700,25247
2025.04.29 16:00,162.35800,162.36100,161.92100,161.95500,41334
2025.04.29 20:00,161.95300,162.18300,161.88200,162.02800,20923
2025.04.30 00:00,161.79800,162.07500,161.72600,162.04500,11959
2025.04.30 04:00,162.04500,162.06400,161.70900,162.01000,19864
2025.04.30 08:00,162.01000,162.47500,162.00000,162.41900,24141
2025.04.30 12:00,162.41900,162.64500,162.24700,162.36200,25907
2025.04.30 16:00,162.35600,162.41800,161.70300,161.94000,42328
2025.04.30 20:00,161.94000,162.21200,161.79600,161.93700,24992
2025.05.01 00:00,161.98500,162.10100,161.81700,161.92100,10186
2025.05.01 04:00,161.92100,162.73300,161.80300,162.63100,17565
2025.05.01 08:00,162.63200,163.48200,162.61400,163.26500,26156
2025.05.01 12:00,163.26500,163.85900,163.18500,163.75300,25097
2025.05.01 16:00,163.75100,164.19900,163.59600,164.18000,37840
2025.05.01 20:00,164.17000,164.45000,164.08400,164.15800,15329
2025.05.02 00:00,164.08100,164.63100,163.92700,164.58800,12958
2025.05.02 04:00,164.58800,164.59500,164.23200,164.36100,20570
2025.05.02 08:00,164.36000,164.51600,164.07800,164.08900,26282
2025.05.02 12:00,164.09200,164.19600,163.59200,163.73500,33256
2025.05.02 16:00,163.73100,163.96200,163.44600,163.78500,45056
2025.05.02 20:00,163.78400,164.01300,163.58300,163.79300,22151
2025.05.05 00:00,163.54900,163.89100,163.53300,163.76700,12216
2025.05.05 04:00,163.76700,163.77300,163.37800,163.43400,19240
2025.05.05 08:00,163.43300,163.51400,163.06400,163.16000,24489
2025.05.05 12:00,163.15800,163.35600,163.09300,163.17100,26590
2025.05.05 16:00,163.17100,163.29300,162.76800,162.94700,32923
2025.05.05 20:00,162.94600,162.97100,162.54300,162.57100,16975
2025.05.06 00:00,162.59200,162.68900,162.37300,162.51600,10429
2025.05.06 04:00,162.51100,162.77800,162.49500,162.74000,19275
2025.05.06 08:00,162.73900,162.94600,162.05200,162.12400,26763
2025.05.06 12:00,162.12500,162.14800,161.59200,161.61100,26580
2025.05.06 16:00,161.61200,162.13200,161.58800,161.97200,32455
2025.05.06 20:00,161.97500,162.08200,161.78700,161.79700,19459
2025.05.07 00:00,161.95700,162.48300,161.87800,162.11100,23448
2025.05.07 04:00,162.11100,162.57700,161.99600,162.53100,25406
2025.05.07 08:00,162.53100,163.01200,162.44000,162.77600,26763
2025.05.07 12:00,162.77200,162.97500,162.63300,162.83200,22426
2025.05.07 16:00,162.83200,162.89700,162.61400,162.75500,31031
2025.05.07 20:00,162.75400,162.85600,162.37200,162.48200,35311
2025.05.08 00:00,162.51200,162.77000,162.40500,162.69100,13576
2025.05.08 04:00,162.69000,162.75400,162.52300,162.71900,23995
2025.05.08 08:00,162.71900,163.49800,162.57300,163.45400,31751
2025.05.08 12:00,163.45300,163.65900,163.24400,163.48800,28780
2025.05.08 16:00,163.48900,163.72700,163.29100,163.58300,42719
2025.05.08 20:00,163.58000,163.90000,163.50300,163.79800,22808
2025.05.09 00:00,163.67100,163.93200,163.53300,163.56400,14253
2025.05.09 04:00,163.57400,163.60500,163.31200,163.36000,23266
2025.05.09 08:00,163.36000,163.53200,163.22500,163.41700,25937
2025.05.09 12:00,163.42300,163.49500,163.14100,163.45400,22632
2025.05.09 16:00,163.45400,163.63300,163.33100,163.55600,31556
2025.05.09 20:00,163.55800,163.62100,163.39200,163.48600,16325
2025.05.12 00:00,163.63300,164.08500,163.55700,163.97500,14296
2025.05.12 04:00,163.97400,164.19900,163.67800,163.82600,22579
2025.05.12 08:00,163.82600,164.59400,163.77800,164.55900,41791
2025.05.12 12:00,164.55900,164.67900,164.27700,164.52600,38689
2025.05.12 16:00,164.52700,164.91400,164.42400,164.61400,38500
2025.05.12 20:00,164.61400,164.68800,164.40100,164.54800,20350
2025.05.13 00:00,164.61600,164.66000,164.12200,164.13500,13914
2025.05.13 04:00,164.13100,164.33200,164.13000,164.18900,20531
2025.05.13 08:00,164.18800,164.48300,164.13200,164.33900,27501
2025.05.13 12:00,164.36100,164.74900,164.28800,164.71800,26846
2025.05.13 16:00,164.71900,165.20600,164.60100,164.96300,35194
2025.05.13 20:00,164.96300,165.05000,164.90700,164.91300,16412
2025.05.14 00:00,164.95400,165.15800,164.77800,164.92800,12191
2025.05.14 04:00,164.92800,164.94300,164.39000,164.40800,21792
2025.05.14 08:00,164.41000,164.82900,164.30000,164.35900,29361
2025.05.14 12:00,164.35200,164.39100,163.82400,164.09900,30335
2025.05.14 16:00,164.09900,164.41700,163.72700,164.13500,35203
2025.05.14 20:00,164.13500,164.13700,163.84600,163.85100,19491
2025.05.15 00:00,163.95400,164.06000,163.60000,163.62800,12493
2025.05.15 04:00,163.63100,163.82500,163.45100,163.51100,21288
2025.05.15 08:00,163.51000,163.53600,163.25500,163.36900,27356
2025.05.15 12:00,163.37000,163.57500,163.19100,163.43500,26388
2025.05.15 16:00,163.43200,163.46100,162.73900,162.80400,35933
2025.05.15 20:00,162.80700,162.94900,162.74500,162.83800,17637
2025.05.16 00:00,162.90400,163.01300,162.46300,162.56800,14582
2025.05.16 04:00,162.56600,162.91700,162.44600,162.78000,20730
2025.05.16 08:00,162.78000,162.96500,162.52200,162.71900,23763
2025.05.16 12:00,162.71900,163.10500,162.68300,162.92900,24128
2025.05.16 16:00,162.92900,163.09600,162.53200,162.64300,30143
2025.05.16 20:00,162.64300,162.75600,162.44600,162.53700,15439
2025.05.19 00:00,162.34900,162.64700,162.19300,162.25000,18432
2025.05.19 04:00,162.25100,162.52900,162.13700,162.50800,26986
2025.05.19 08:00,162.50700,163.09300,162.32800,163.08700,31595
2025.05.19 12:00,163.08600,163.38000,163.04100,163.23900,28200
2025.05.19 16:00,163.24000,163.29800,162.87900,162.88600,31307
2025.05.19 20:00,162.88800,162.90400,162.67300,162.72800,15244
2025.05.20 00:00,162.78600,163.27500,162.70500,163.09900,11752
2025.05.20 04:00,163.09900,163.12200,162.73100,162.74500,22177
2025.05.20 08:00,162.74600,162.78400,162.40600,162.66000,31023
2025.05.20 12:00,162.66200,162.76000,162.45400,162.67900,22820
2025.05.20 16:00,162.68000,163.00700,162.65800,163.00000,28946
2025.05.20 20:00,162.99700,163.14400,162.89400,163.03800,17037
2025.05.21 00:00,163.03700,163.05800,162.68600,162.84200,13636
2025.05.21 04:00,162.84000,163.08100,162.76400,162.84100,22099
2025.05.21 08:00,162.84300,163.20700,162.65800,163.17100,28246
2025.05.21 12:00,163.16900,163.29800,162.69100,162.86000,27260
2025.05.21 16:00,162.86000,163.10100,162.77400,162.90200,31172
2025.05.21 20:00,162.90300,163.00400,162.61400,162.76500,28316
2025.05.22 00:00,162.66100,163.39900,162.36600,162.50300,18868
2025.05.22 04:00,162.50300,162.56600,162.30700,162.39500,22691
2025.05.22 08:00,162.39400,162.51000,161.79500,161.92900,29782
2025.05.22 12:00,161.92300,162.43300,161.89300,162.13800,29532
2025.05.22 16:00,162.13900,162.53500,162.05500,162.30000,37366
2025.05.22 20:00,162.29800,162.59300,162.28900,162.41700,17749
2025.05.23 00:00,162.39600,162.57000,162.21800,162.51400,12174
2025.05.23 04:00,162.51400,162.62500,162.19900,162.37100,18376
2025.05.23 08:00,162.37100,162.60100,162.22900,162.53800,23249
2025.05.23 12:00,162.53500,162.74600,161.07400,161.61500,38430
2025.05.23 16:00,161.61300,162.05200,161.53800,162.01000,34771
2025.05.23 20:00,162.01100,162.04100,161.82600,161.92200,17842
2025.05.26 00:00,161.90800,162.62800,161.85600,162.47500,18650
2025.05.26 04:00,162.47400,162.72100,162.36600,162.65200,21934
2025.05.26 08:00,162.65200,162.97100,162.61100,162.67000,22660
2025.05.26 12:00,162.66800,162.74200,162.52600,162.62800,14440
2025.05.26 16:00,162.62900,162.63200,162.43200,162.46100,11455
2025.05.26 20:00,162.46300,162.64000,162.42900,162.60200,3198
2025.05.27 00:00,162.55400,162.74400,162.17200,162.19300,10856
2025.05.27 04:00,162.19300,162.54900,162.08400,162.54200,18989
2025.05.27 08:00,162.54200,163.28600,162.54200,163.26600,32223
2025.05.27 12:00,163.26300,163.80400,163.22700,163.70200,25771
2025.05.27 16:00,163.70300,163.93800,163.49300,163.59600,31492
2025.05.27 20:00,163.59400,163.59700,163.46100,163.48000,14947
2025.05.28 00:00,163.47100,163.53900,163.18600,163.35200,11208
2025.05.28 04:00,163.35200,163.83300,163.17300,163.28000,26250
2025.05.28 08:00,163.28000,163.51900,163.07000,163.22100,26949
2025.05.28 12:00,163.22100,163.54000,163.18900,163.45600,23359
2025.05.28 16:00,163.45500,163.90400,163.44500,163.66400,30864
2025.05.28 20:00,163.66300,163.70400,163.41300,163.46700,19246
2025.05.29 00:00,163.48900,164.16100,163.41600,164.12900,25077
2025.05.29 04:00,164.12600,164.21700,163.84100,163.92400,24914
2025.05.29 08:00,163.92400,164.25500,163.60700,163.73800,27050
2025.05.29 12:00,163.73900,163.92800,163.33700,163.90900,28357
2025.05.29 16:00,163.91000,164.01900,163.74700,163.90800,34609
2025.05.29 20:00,163.90700,163.95200,163.70300,163.80500,17522
2025.05.30 00:00,163.89100,163.93300,163.37000,163.49600,14823
2025.05.30 04:00,163.49700,163.52900,163.10300,163.12400,24632
2025.05.30 08:00,163.12500,163.39500,163.10200,163.11600,28946
2025.05.30 12:00,163.11800,163.30400,162.79900,163.06700,27241
2025.05.30 16:00,163.06500,163.83700,162.92700,163.32400,37244
2025.05.30 20:00,163.32400,163.52400,163.26500,163.33100,20394
2025.06.02 00:00,163.52800,163.52800,163.02100,163.17500,13993
2025.06.02 04:00,163.17500,163.27300,163.04700,163.13400,21176
2025.06.02 08:00,163.13300,163.37800,163.06500,163.22300,27343
2025.06.02 12:00,163.22300,163.33100,162.83300,163.08100,26020
2025.06.02 16:00,163.08100,163.29300,163.01400,163.20100,34787
2025.06.02 20:00,163.20000,163.40800,163.20000,163.27400,19620
2025.06.03 00:00,163.23500,163.34900,163.03100,163.29700,11804
2025.06.03 04:00,163.29700,163.70400,163.26100,163.31100,20981
2025.06.03 08:00,163.31200,163.38800,162.78800,162.95000,24484
2025.06.03 12:00,162.94800,163.25600,162.87800,163.23600,22944
2025.06.03 16:00,163.23700,163.86500,163.18200,163.74900,29207
2025.06.03 20:00,163.74700,163.83200,163.61600,163.63300,14064
2025.06.04 00:00,163.65500,163.92800,163.48400,163.89800,12072
2025.06.04 04:00,163.89800,164.09100,163.63100,163.96500,21415
2025.06.04 08:00,163.96500,164.16400,163.67000,164.02000,23917
2025.06.04 12:00,164.02100,164.23500,163.70300,163.77900,24474
2025.06.04 16:00,163.78000,163.92400,163.03500,163.07300,32592
2025.06.04 20:00,163.07300,163.13400,162.85700,162.85700,15613
2025.06.05 00:00,162.91100,163.16000,162.88700,163.04500,12601
2025.06.05 04:00,163.04500,163.23500,162.98900,163.19800,21266
2025.06.05 08:00,163.19800,163.66500,163.18400,163.51600,22372
2025.06.05 12:00,163.51500,164.06700,163.37300,163.85900,26295
2025.06.05 16:00,163.85600,164.66800,163.84800,164.30600,42548
2025.06.05 20:00,164.30400,164.51000,164.19400,164.30000,22304
2025.06.06 00:00,164.30400,164.58400,164.11400,164.55600,10780
2025.06.06 04:00,164.55900,164.59200,164.37800,164.53800,15764
2025.06.06 08:00,164.53900,164.77400,164.33600,164.42600,22455
2025.06.06 12:00,164.42600,164.88800,164.39400,164.81600,26940
2025.06.06 16:00,164.81600,165.27700,164.74400,165.06700,37375
2025.06.06 20:00,165.06600,165.11400,164.98500,165.00500,15945
2025.06.09 00:00,164.96800,165.14200,164.89900,165.13300,10129
2025.06.09 04:00,165.13400,165.16500,164.81400,164.85100,15326
2025.06.09 08:00,164.85200,164.97700,164.54900,164.73900,19214
2025.06.09 12:00,164.74400,164.98700,164.54500,164.88000,20411
2025.06.09 16:00,164.87900,164.99400,164.81300,164.96000,22247
2025.06.09 20:00,164.96100,165.20400,164.94600,165.11700,12755
2025.06.10 00:00,164.98100,165.24000,164.86800,165.10000,9345
2025.06.10 04:00,165.10000,165.44500,165.04600,165.21600,20078
2025.06.10 08:00,165.21600,165.21600,164.61700,165.00900,30025
2025.06.10 12:00,165.01000,165.37400,164.98800,165.34800,20332
2025.06.10 16:00,165.35200,165.60500,165.27400,165.60100,24236
2025.06.10 20:00,165.60100,165.62900,165.47500,165.52200,11852
2025.06.11 00:00,165.38600,165.80600,165.37200,165.51000,16660
2025.06.11 04:00,165.51000,165.58200,165.37300,165.56100,17567
2025.06.11 08:00,165.56100,165.88500,165.53900,165.81800,21200
2025.06.11 12:00,165.82200,166.29000,165.69800,165.86200,26657
2025.06.11 16:00,165.86200,166.42100,165.78400,166.15500,30537
2025.06.11 20:00,166.15500,166.21000,165.84600,166.10900,18981
2025.06.12 00:00,165.91700,166.04300,165.84200,165.94900,15702
2025.06.12 04:00,165.95000,165.96800,165.66800,165.75200,21153
2025.06.12 08:00,165.75500,166.03900,165.49000,165.99400,26981
2025.06.12 12:00,165.99300,166.73400,165.98600,166.34800,33064
2025.06.12 16:00,166.34900,166.53900,166.11000,166.24200,35287
2025.06.12 20:00,166.24200,166.33700,166.11200,166.19600,16615
2025.06.13 00:00,166.17300,166.30200,164.93200,165.32700,22834
2025.06.13 04:00,165.32900,165.73700,165.03500,165.56000,36882
2025.06.13 08:00,165.56000,166.07400,165.45400,165.76600,35208
2025.06.13 12:00,165.76400,166.17500,165.74800,166.16800,33906
2025.06.13 16:00,166.16600,166.58700,165.97600,166.41800,34733
2025.06.13 20:00,166.41400,166.47500,165.98100,166.43500,24406
2025.06.16 00:00,166.01500,166.86600,165.93300,166.51400,21063
2025.06.16 04:00,166.51800,166.58100,166.33400,166.45900,26131
2025.06.16 08:00,166.45900,167.20800,166.35500,167.02800,28708
2025.06.16 12:00,167.03100,167.10100,166.66800,166.91800,24813
2025.06.16 16:00,166.91900,167.04800,166.74400,167.00300,34721
2025.06.16 20:00,167.00600,167.45100,166.97100,167.32300,17932
2025.06.17 00:00,167.32600,167.58700,167.08800,167.53500,17041
2025.06.17 04:00,167.53500,167.58400,167.00800,167.15500,27215
2025.06.17 08:00,167.15600,167.60800,166.96900,167.38100,29652
2025.06.17 12:00,167.38400,167.50600,167.10500,167.31000,28069
2025.06.17 16:00,167.30900,167.58300,166.95500,167.03700,33517
2025.06.17 20:00,167.03800,167.06500,166.69800,166.74500,25477
2025.06.18 00:00,166.57300,167.02400,166.57300,166.99900,15253
2025.06.18 04:00,166.99700,167.04200,166.71900,166.84700,23241
2025.06.18 08:00,166.84800,167.04900,166.70400,166.73400,26488
2025.06.18 12:00,166.73500,166.84900,166.41900,166.70400,23662
2025.06.18 16:00,166.70600,166.82500,166.31500,166.42200,33651
2025.06.18 20:00,166.42200,166.65400,166.36300,166.62600,31564
2025.06.19 00:00,166.54200,166.65900,166.21200,166.33600,13995
2025.06.19 04:00,166.33500,166.36700,166.02900,166.34000,23758
2025.06.19 08:00,166.34000,166.76100,166.22200,166.72800,26788
2025.06.19 12:00,166.72800,167.30600,166.70900,167.04000,22795
2025.06.19 16:00,167.03900,167.16200,166.81200,166.93400,19146
2025.06.19 20:00,166.93300,167.24000,166.90500,167.20700,8781
2025.06.20 00:00,167.14900,167.37900,167.00800,167.36000,15515
2025.06.20 04:00,167.36400,167.58800,167.24300,167.53800,24169
2025.06.20 08:00,167.53900,167.67700,167.31400,167.44700,25331
2025.06.20 12:00,167.44700,167.76900,167.34600,167.61000,22351
2025.06.20 16:00,167.61100,168.24500,167.57300,168.23500,30004
2025.06.20 20:00,168.23700,168.39800,168.23100,168.28700,17204
2025.06.23 00:00,168.00600,168.40400,167.96600,168.25800,21122
2025.06.23 04:00,168.25900,168.93200,168.21000,168.89000,24741
2025.06.23 08:00,168.89100,169.65900,168.89100,169.46900,31402
2025.06.23 12:00,169.47000,169.70900,168.91600,169.04500,31239
2025.06.23 16:00,169.04500,169.30200,168.72900,168.96400,39873
2025.06.23 20:00,168.96400,169.25500,168.92500,169.20500,24182
2025.06.24 00:00,169.09600,169.27500,168.86600,168.88000,19630
2025.06.24 04:00,168.88000,168.93400,168.61300,168.76900,23127
2025.06.24 08:00,168.77000,168.84600,168.05300,168.19400,31625
2025.06.24 12:00,168.19400,168.53200,168.12500,168.19500,28717
2025.06.24 16:00,168.19700,168.34500,167.90600,168.19500,33673
2025.06.24 20:00,168.19800,168.27900,168.08300,168.19900,15800
2025.06.25 00:00,168.22300,168.55700,167.98100,168.42500,12710
2025.06.25 04:00,168.42300,168.42300,168.15500,168.32300,20708
2025.06.25 08:00,168.32400,168.91800,168.32400,168.89100,24385
2025.06.25 12:00,168.88900,169.19900,168.83100,169.08700,23636
2025.06.25 16:00,169.08800,169.36900,169.05900,169.16400,27467
2025.06.25 20:00,169.16500,169.37800,169.12900,169.34300,15791
2025.06.26 00:00,169.20300,169.38500,169.01600,169.02400,12990
2025.06.26 04:00,169.02500,169.39500,168.97800,169.09700,22469
2025.06.26 08:00,169.09700,169.20400,168.55200,168.78500,28829
2025.06.26 12:00,168.78600,169.02500,168.67800,168.92900,27726
2025.06.26 16:00,168.92900,169.19400,168.89300,169.18400,33335
2025.06.26 20:00,169.18500,169.20200,168.89200,168.94100,16193
2025.06.27 00:00,168.79400,169.28000,168.69500,169.12000,14422
2025.06.27 04:00,169.12000,169.21800,168.62200,168.89800,22249
2025.06.27 08:00,168.89900,169.29900,168.75100,169.10200,24935
2025.06.27 12:00,169.10500,169.68500,168.97900,169.67200,25265
2025.06.27 16:00,169.67400,169.80000,169.44100,169.54900,31595
2025.06.27 20:00,169.54900,169.56600,169.17600,169.47300,21337
2025.06.30 00:00,169.26100,169.63200,169.26100,169.45800,13304
2025.06.30 04:00,169.45800,169.50600,168.79200,168.84600,21021
2025.06.30 08:00,168.84600,169.06100,168.69800,169.02900,29288
2025.06.30 12:00,169.02100,169.25000,168.94000,169.20500,24904
2025.06.30 16:00,169.20400,169.72900,169.07900,169.63900,33263
2025.06.30 20:00,169.63800,169.85600,169.57400,169.74400,17990
2025.07.01 00:00,169.61200,169.72000,169.31600,169.36800,12079
2025.07.01 04:00,169.36600,169.65500,169.25100,169.42000,19056
2025.07.01 08:00,169.42100,169.42300,168.45300,168.84300,27963
2025.07.01 12:00,168.84600,168.96200,168.59100,168.86500,28162
2025.07.01 16:00,168.86900,169.16600,168.79800,169.05300,34942
2025.07.01 20:00,169.05600,169.51700,169.05100,169.28500,18884
2025.07.02 00:00,169.19200,169.54000,169.14700,169.40600,11044
2025.07.02 04:00,169.40200,169.51800,169.28900,169.33400,19462
2025.07.02 08:00,169.33200,169.62700,169.31900,169.52500,26329
2025.07.02 12:00,169.52500,169.78200,169.03300,169.13400,31100
2025.07.02 16:00,169.13500,169.53400,169.07800,169.43500,34281
2025.07.02 20:00,169.43800,169.53000,169.39600,169.48100,15174
2025.07.03 00:00,169.36900,169.52900,169.28500,169.52000,10888
2025.07.03 04:00,169.52000,169.62600,169.41200,169.56900,14938
2025.07.03 08:00,169.57000,169.86500,169.55400,169.73900,22478
2025.07.03 12:00,169.73800,170.31300,169.44000,170.20900,26483
2025.07.03 16:00,170.20800,170.60800,170.16700,170.46100,33789
2025.07.03 20:00,170.46100,170.55600,170.35900,170.37600,9433
2025.07.04 00:00,170.31000,170.41600,170.08800,170.14800,10560
2025.07.04 04:00,170.14900,170.27500,169.98900,170.07000,17420
2025.07.04 08:00,170.07100,170.13100,169.84500,169.94900,22058
2025.07.04 12:00,169.94800,170.06000,169.86600,169.93000,19811
2025.07.04 16:00,169.92900,170.32000,169.92900,170.13400,16535
2025.07.04 20:00,170.13400,170.28000,169.98900,169.99500,27133
2025.07.07 00:00,170.08800,170.30700,169.94400,170.03900,11747
2025.07.07 04:00,170.03900,170.60800,169.87800,170.58100,19496
2025.07.07 08:00,170.58100,170.72700,170.30500,170.39000,25630
2025.07.07 12:00,170.39000,170.75800,170.36200,170.66300,23346
2025.07.07 16:00,170.66300,171.26200,170.64300,170.87100,29322
2025.07.07 20:00,170.87000,171.30800,170.75100,171.01300,20129
2025.07.08 00:00,170.97900,171.67200,170.90400,171.63400,13551
2025.07.08 04:00,171.63500,171.80000,171.32300,171.41600,20348
2025.07.08 08:00,171.41500,171.84000,171.32200,171.75500,28103
2025.07.08 12:00,171.75600,171.99900,171.55000,171.87900,24218
2025.07.08 16:00,171.88100,171.98900,171.64000,171.81100,31070
2025.07.08 20:00,171.81300,172.01500,171.79400,171.82900,18463
2025.07.09 00:00,171.67800,172.20700,171.64000,172.09900,12159
2025.07.09 04:00,172.09800,172.27500,172.02800,172.21400,20123
2025.07.09 08:00,172.21400,172.25500,171.73800,171.79600,23121
2025.07.09 12:00,171.80200,171.82300,171.54600,171.60600,24037
2025.07.09 16:00,171.60600,171.64100,171.30300,171.37200,27171
2025.07.09 20:00,171.37400,171.63600,171.26100,171.49800,16399
2025.07.10 00:00,171.42800,171.52600,171.17300,171.23800,12565
2025.07.10 04:00,171.24000,171.74000,171.17300,171.58000,16085
2025.07.10 08:00,171.57700,171.77600,171.40400,171.63300,23041
2025.07.10 12:00,171.63300,171.67600,171.21100,171.42200,21561
2025.07.10 16:00,171.42100,171.49100,171.05000,171.14300,28564
2025.07.10 20:00,171.14200,171.15100,170.92900,171.10100,15264
2025.07.11 00:00,171.01600,171.23100,170.80100,171.09200,13719
2025.07.11 04:00,171.09100,171.76500,171.07300,171.73000,19165
2025.07.11 08:00,171.73100,171.76500,171.41100,171.70600,26226
2025.07.11 12:00,171.70700,171.96000,171.59500,171.78000,25792
2025.07.11 16:00,171.78100,172.41900,171.76200,172.28800,26155
2025.07.11 20:00,172.28800,172.37100,172.16200,172.30200,15296
2025.07.14 00:00,171.67400,172.14200,171.64400,171.83100,15579
2025.07.14 04:00,171.83000,172.17100,171.76000,172.05000,17299
2025.07.14 08:00,172.05100,172.23100,171.72000,172.09800,24946
2025.07.14 12:00,172.10400,172.36200,171.97300,172.22700,23074
2025.07.14 16:00,172.22800,172.46500,172.07700,172.26300,25713
2025.07.14 20:00,172.26400,172.44000,172.20300,172.32200,10945
2025.07.15 00:00,172.28900,172.47300,172.17200,172.25900,8810
2025.07.15 04:00,172.25900,172.49000,172.25400,172.40800,14618
2025.07.15 08:00,172.40800,172.72400,172.38700,172.57800,21576
2025.07.15 12:00,172.57900,172.86100,172.44200,172.70600,22876
2025.07.15 16:00,172.70400,173.07400,172.64000,172.65200,34986
2025.07.15 20:00,172.65300,172.76700,172.62100,172.67900,14104
2025.07.16 00:00,172.64300,172.99000,172.58800,172.92700,11945
2025.07.16 04:00,172.92600,173.23700,172.74700,173.04300,20385
2025.07.16 08:00,173.04300,173.07100,172.78000,173.02500,26329
2025.07.16 12:00,173.02500,173.07900,172.35200,172.46900,25356
2025.07.16 16:00,172.46600,172.49700,171.81400,172.30100,49586
2025.07.16 20:00,172.30300,172.31800,171.83400,172.12400,22970
2025.07.17 00:00,172.06400,172.48800,171.89300,172.48300,11844
2025.07.17 04:00,172.48400,172.66900,172.32800,172.53300,16278
2025.07.17 08:00,172.53200,172.60800,172.12400,172.38000,28165
2025.07.17 12:00,172.38000,172.51500,172.13600,172.32400,26198
2025.07.17 16:00,172.32400,172.34100,171.93500,172.20200,29251
2025.07.17 20:00,172.20200,172.36600,172.15500,172.33900,13828
2025.07.18 00:00,172.21900,172.73400,172.14800,172.72600,10216
2025.07.18 04:00,172.72700,172.86400,172.56900,172.74600,14609
2025.07.18 08:00,172.74700,173.10500,172.70800,172.89700,24033
2025.07.18 12:00,172.89500,173.08700,172.81800,172.93700,23864
2025.07.18 16:00,172.93700,173.07600,172.85900,172.90900,29892
2025.07.18 20:00,172.90900,173.05700,172.83000,172.98100,16542
2025.07.21 00:00,172.01600,172.83000,172.01600,172.40300,15084
2025.07.21 04:00,172.40300,172.65600,172.40300,172.62400,17067
2025.07.21 08:00,172.62300,172.62500,171.99900,172.17800,27880
2025.07.21 12:00,172.17800,172.28400,171.91100,172.04300,25608
2025.07.21 16:00,172.04500,172.54500,172.01600,172.17400,26940
2025.07.21 20:00,172.17400,172.33500,172.09900,172.31300,14952
2025.07.22 00:00,172.16700,172.58600,172.06900,172.38100,11072
2025.07.22 04:00,172.38100,172.61900,172.32600,172.55700,16724
2025.07.22 08:00,172.55400,172.92700,172.50400,172.67900,23658
2025.07.22 12:00,172.67700,172.68400,171.47400,171.61900,23462
2025.07.22 16:00,171.61300,172.18900,171.35800,172.11700,33749
2025.07.22 20:00,172.11800,172.39300,172.05700,172.35400,13204
2025.07.23 00:00,172.30000,172.46500,171.66800,172.01600,19162
2025.07.23 04:00,172.01600,172.73100,171.89200,172.42900,27787
2025.07.23 08:00,172.42900,172.68500,172.08700,172.22300,30680
2025.07.23 12:00,172.22400,172.23300,171.36400,171.66300,28256
2025.07.23 16:00,171.66600,172.35500,171.61400,172.23800,34804
2025.07.23 20:00,172.24000,172.53900,172.12200,172.44700,20253
2025.07.24 00:00,172.31300,172.49300,172.15600,172.30000,13349
2025.07.24 04:00,172.30000,172.31000,171.74600,171.92200,21392
2025.07.24 08:00,171.92200,172.31200,171.85100,172.30000,27964
2025.07.24 12:00,172.29900,172.36300,172.12300,172.27300,27345
2025.07.24 16:00,172.27700,172.91800,172.22700,172.78300,38249
2025.07.24 20:00,172.78400,172.89000,172.64200,172.70000,20962
2025.07.25 00:00,172.54400,173.16000,172.50200,173.03000,12073
2025.07.25 04:00,173.03100,173.16900,172.70700,172.73900,17976
2025.07.25 08:00,172.74100,173.60500,172.47300,173.50400,29168
2025.07.25 12:00,173.50400,173.58000,173.05100,173.25400,26776
2025.07.25 16:00,173.25500,173.38400,172.97400,173.30000,36267
2025.07.25 20:00,173.29800,173.40500,173.25200,173.30600,15562
2025.07.28 00:00,173.55200,173.86300,173.55200,173.64400,16447
2025.07.28 04:00,173.64400,173.89500,173.53000,173.55400,20374
2025.07.28 08:00,173.55900,173.76800,173.08700,173.16400,30996
2025.07.28 12:00,173.16500,173.24100,172.48000,172.58800,33215
2025.07.28 16:00,172.59200,172.60000,172.21300,172.22600,31038
2025.07.28 20:00,172.22600,172.25000,172.06300,172.11900,15629
2025.07.29 00:00,172.04300,172.28000,171.98200,172.24600,11023
2025.07.29 04:00,172.24700,172.31700,171.75700,171.90900,20196
2025.07.29 08:00,171.90800,171.91300,171.26600,171.85800,31181
2025.07.29 12:00,171.85900,172.07600,171.37300,171.37400,28111
2025.07.29 16:00,171.37400,171.55900,171.04400,171.45600,35227
2025.07.29 20:00,171.45700,171.53600,171.37100,171.39500,18464
2025.07.30 00:00,171.36400,171.54300,171.23500,171.25300,10533
2025.07.30 04:00,171.25300,171.31600,171.02400,171.13100,21670
2025.07.30 08:00,171.13200,171.16200,170.85900,170.98600,29900
2025.07.30 12:00,170.98600,171.11500,170.72400,170.77000,33669
2025.07.30 16:00,170.77000,171.04000,170.70100,170.87800,31742
2025.07.30 20:00,170.87700,170.91800,170.43700,170.50500,35045
2025.07.31 00:00,170.42100,170.78300,170.41900,170.71400,12313
2025.07.31 04:00,170.71400,170.71400,169.71400,170.25800,22341
2025.07.31 08:00,170.25700,171.35500,170.09700,171.32200,34662
2025.07.31 12:00,171.32200,171.72100,171.21400,171.64100,33007
2025.07.31 16:00,171.63900,172.31100,171.48800,172.11600,36621
2025.07.31 20:00,172.11600,172.33100,171.92200,172.07700,22327
2025.08.01 00:00,172.02400,172.30200,171.99900,172.19700,14756
2025.08.01 04:00,172.19600,172.38100,171.89900,171.97200,22323
2025.08.01 08:00,171.97500,172.21900,171.74200,171.78400,30254
2025.08.01 12:00,171.78400,171.98000,171.30300,171.59700,39076
2025.08.01 16:00,171.59500,171.60800,170.56200,170.57600,56246
2025.08.01 20:00,170.57600,170.89000,170.27500,170.74200,31675
2025.08.04 00:00,170.64700,170.76900,170.45500,170.65000,19174
2025.08.04 04:00,170.64900,171.13900,170.61200,170.93400,24157
2025.08.04 08:00,170.93600,171.15600,170.73800,170.93000,33104
2025.08.04 12:00,170.92900,171.04900,170.31700,170.37300,32199
2025.08.04 16:00,170.37000,170.54100,170.06300,170.14700,33844
2025.08.04 20:00,170.14700,170.23900,169.90000,170.20500,18041
2025.08.05 00:00,170.09000,170.19400,169.89000,170.01700,12867
2025.08.05 04:00,170.01700,170.17700,169.92000,169.99800,21843
2025.08.05 08:00,169.99800,170.27100,169.80800,170.25500,27401
2025.08.05 12:00,170.25700,170.50900,170.12800,170.35900,30141
2025.08.05 16:00,170.35900,170.90500,170.24800,170.89300,35849
2025.08.05 20:00,170.89400,170.93900,170.75200,170.78500,16063
2025.08.06 00:00,170.74300,170.92500,170.67000,170.80300,10569
2025.08.06 04:00,170.80400,170.90300,170.60900,170.66400,20382
2025.08.06 08:00,170.66400,171.10400,170.64700,171.07800,23460
2025.08.06 12:00,171.08200,171.45600,171.07100,171.37300,26375
2025.08.06 16:00,171.37200,171.64900,171.20100,171.42400,31222
2025.08.06 20:00,171.42500,171.98600,171.42200,171.79300,18199
2025.08.07 00:00,171.64500,171.98600,171.63300,171.97600,13248
2025.08.07 04:00,171.97700,172.16300,171.88600,171.92500,19658
2025.08.07 08:00,171.92600,171.99100,171.39300,171.89500,29951
2025.08.07 12:00,171.89600,172.02900,171.41100,171.60800,30646
2025.08.07 16:00,171.60900,171.64900,171.32100,171.50700,31528
2025.08.07 20:00,171.50600,171.66500,171.26900,171.62400,21065
2025.08.08 00:00,171.60400,171.79500,171.36200,171.76200,16030
2025.08.08 04:00,171.76200,171.80300,171.55000,171.56600,15902
2025.08.08 08:00,171.57300,171.87200,171.45000,171.82300,25228
2025.08.08 12:00,171.82300,172.23700,171.75200,172.12100,26083
2025.08.08 16:00,172.12300,172.33600,172.06200,172.21100,27499
2025.08.08 20:00,172.21000,172.30200,171.88200,171.90900,17359
2025.08.11 00:00,171.67800,172.08400,171.67100,171.97900,9153
2025.08.11 04:00,171.97900,172.19900,171.94800,172.13600,14475
2025.08.11 08:00,172.13600,172.18400,171.59400,171.91600,21915
2025.08.11 12:00,171.90700,172.13800,171.75000,171.75000,23904
2025.08.11 16:00,171.74900,171.92800,171.54300,171.77100,25314
2025.08.11 20:00,171.77100,172.11900,171.72500,172.06100,15286
2025.08.12 00:00,171.94000,172.40600,171.66600,172.36800,10168
2025.08.12 04:00,172.36800,172.51200,172.26000,172.49100,16162
2025.08.12 08:00,172.49100,172.50400,172.07400,172.38400,26145
2025.08.12 12:00,172.38000,172.52700,172.13100,172.34200,27161
2025.08.12 16:00,172.34400,172.85300,172.16100,172.52100,39502
2025.08.12 20:00,172.52000,172.62000,172.31100,172.58500,13588
2025.08.13 00:00,172.43600,172.63900,172.40300,172.62400,12558
2025.08.13 04:00,172.62200,173.01100,172.57300,172.83800,18070
2025.08.13 08:00,172.83900,172.90300,172.43500,172.50300,28112
2025.08.13 12:00,172.50200,172.80300,172.39300,172.44700,29126
2025.08.13 16:00,172.44500,172.57600,172.22900,172.48700,26493
2025.08.13 20:00,172.48800,172.59700,172.44100,172.48800,15677
2025.08.14 00:00,172.40300,172.47100,171.72400,171.78700,12210
2025.08.14 04:00,171.78700,171.79900,171.27800,171.31900,23608
2025.08.14 08:00,171.31800,171.45600,170.96000,170.99900,30097
2025.08.14 12:00,171.00000,171.48700,170.97000,171.39500,30941
2025.08.14 16:00,171.39400,172.19500,171.36800,172.00500,32614
2025.08.14 20:00,172.00500,172.17200,171.98900,172.09400,13129
2025.08.15 00:00,171.94400,172.20700,171.82600,171.84000,9505
2025.08.15 04:00,171.83900,171.88400,171.54100,171.59900,19183
2025.08.15 08:00,171.59900,171.89300,171.49800,171.55500,27115
2025.08.15 12:00,171.55400,171.93800,171.51100,171.76600,28496
2025.08.15 16:00,171.76700,172.29800,171.71400,172.27200,32361
2025.08.15 20:00,172.27300,172.37100,172.16800,172.19900,12886
2025.08.18 00:00,172.34100,172.56900,172.24700,172.50600,9877
2025.08.18 04:00,172.50600,172.64500,172.40400,172.54900,14542
2025.08.18 08:00,172.54900,172.57500,172.05600,172.11500,23375
2025.08.18 12:00,172.11500,172.49700,172.04400,172.48300,19445
2025.08.18 16:00,172.48400,172.67000,172.26000,172.28400,20000
2025.08.18 20:00,172.28400,172.56400,172.17400,172.40000,12585
2025.08.19 00:00,172.20500,172.61800,172.14300,172.27700,9722
2025.08.19 04:00,172.27600,172.43000,171.98500,172.29300,18506
2025.08.19 08:00,172.29300,172.61600,172.01600,172.39200,20886
2025.08.19 12:00,172.39200,172.69500,172.35800,172.53500,19947
2025.08.19 16:00,172.53600,172.64800,172.04700,172.07100,22407
2025.08.19 20:00,172.07100,172.09400,171.68800,171.97700,12641
2025.08.20 00:00,171.77900,172.00600,171.68300,171.74600,10492
2025.08.20 04:00,171.74500,171.82400,171.46000,171.69300,18561
2025.08.20 08:00,171.69300,171.93800,171.11000,171.75300,22654
2025.08.20 12:00,171.75300,171.92500,171.61700,171.88100,18644
2025.08.20 16:00,171.88000,171.94100,171.33400,171.52900,26307
2025.08.20 20:00,171.52900,171.78600,171.52100,171.60700,12578
2025.08.21 00:00,171.55500,171.74500,171.54000,171.65200,9980
2025.08.21 04:00,171.65100,171.76200,171.51500,171.62600,14421
2025.08.21 08:00,171.62800,172.07000,171.52400,172.00000,20153
2025.08.21 12:00,172.00000,172.35600,171.92800,172.07800,20936
2025.08.21 16:00,172.07700,172.26800,171.73500,172.16900,27761
2025.08.21 20:00,172.17300,172.25900,172.08200,172.20500,11678
2025.08.22 00:00,172.03600,172.47300,171.94900,172.44200,11518
2025.08.22 04:00,172.44400,172.52600,172.23000,172.30700,17190
2025.08.22 08:00,172.30600,172.40600,172.04700,172.40300,19027
2025.08.22 12:00,172.40400,172.63000,172.32900,172.62000,18486
2025.08.22 16:00,172.62100,172.66800,171.82000,171.96000,42407
2025.08.22 20:00,171.96000,172.27500,171.95300,172.20300,17920
2025.08.25 00:00,172.04700,172.57200,172.00200,172.40800,12764
2025.08.25 04:00,172.40900,172.54100,172.28300,172.34000,11933
2025.08.25 08:00,172.34000,172.50700,172.31500,172.37600,16188
2025.08.25 12:00,172.37500,172.46500,172.22600,172.42900,15449
2025.08.25 16:00,172.42400,172.65600,171.91500,171.94300,28795
2025.08.25 20:00,171.94200,171.95000,171.56900,171.65100,20928
2025.08.26 00:00,171.57500,171.73000,171.31900,171.34400,17763
2025.08.26 04:00,171.34600,171.87500,171.34000,171.87300,19320
2025.08.26 08:00,171.87400,171.99300,171.32200,171.44000,27220
2025.08.26 12:00,171.44000,171.94300,171.43600,171.82200,24404
2025.08.26 16:00,171.82400,172.11200,171.51000,171.59000,31336
2025.08.26 20:00,171.59200,171.67300,171.50500,171.59800,17557
2025.08.27 00:00,171.51600,171.77200,171.49300,171.73200,10227
2025.08.27 04:00,171.73200,171.90400,171.67400,171.81600,14178
2025.08.27 08:00,171.81700,171.85900,171.24500,171.40900,21599
2025.08.27 12:00,171.41100,171.69600,171.38600,171.55100,21606
2025.08.27 16:00,171.55200,171.77700,171.34600,171.49600,28590
2025.08.27 20:00,171.49700,171.59700,171.40900,171.54100,17451
2025.08.28 00:00,171.45900,171.74400,171.36600,171.52700,12821
2025.08.28 04:00,171.52800,171.71500,171.24000,171.28700,14069
2025.08.28 08:00,171.28600,171.60700,171.11000,171.35100,20830
2025.08.28 12:00,171.35200,171.74000,171.26100,171.65500,24881
2025.08.28 16:00,171.65500,171.78600,171.45100,171.65000,27461
2025.08.28 20:00,171.64900,171.70100,171.50300,171.63500,13638
2025.08.29 00:00,171.46400,171.70200,171.36500,171.41200,12629
2025.08.29 04:00,171.41100,171.55900,171.23200,171.35200,19054
2025.08.29 08:00,171.35300,171.75100,171.34500,171.57200,19089
2025.08.29 12:00,171.57300,171.79200,171.53100,171.74600,21517
2025.08.29 16:00,171.74700,171.98200,171.59200,171.90600,30919
2025.08.29 20:00,171.90500,172.00900,171.77800,171.79800,13687
2025.09.01 00:00,171.86500,172.24100,171.77700,172.21300,8668
2025.09.01 04:00,172.21500,172.27200,171.95600,172.15600,17072
2025.09.01 08:00,172.15600,172.49700,172.04900,172.49000,21479
2025.09.01 12:00,172.49100,172.53700,172.31200,172.32700,18816
2025.09.01 16:00,172.32600,172.49400,172.24500,172.32900,13490
2025.09.01 20:00,172.33100,172.39200,172.27200,172.33700,7161
2025.09.02 00:00,172.33600,172.49600,172.19400,172.40400,10832
2025.09.02 04:00,172.40300,172.88400,172.31400,172.73100,17811
2025.09.02 08:00,172.73100,173.40600,172.65200,172.84300,30392
2025.09.02 12:00,172.84100,173.20100,172.72400,172.88100,30505
2025.09.02 16:00,172.88300,172.95600,172.63200,172.67100,35582
2025.09.02 20:00,172.67200,172.81000,172.61500,172.66900,15496
2025.09.03 00:00,172.52700,173.06900,172.52700,173.04300,10073
2025.09.03 04:00,173.04200,173.16600,172.77400,172.82600,13321
2025.09.03 08:00,172.82600,173.27000,172.74800,173.19200,24385
2025.09.03 12:00,173.19200,173.29400,173.01800,173.23400,23496
2025.09.03 16:00,173.23400,173.27600,172.59800,172.71700,32481
2025.09.03 20:00,172.71700,172.77100,172.53100,172.69900,15480
2025.09.04 00:00,172.58500,172.73600,172.46100,172.57600,10409
2025.09.04 04:00,172.57600,172.79200,172.44900,172.71600,18456
2025.09.04 08:00,172.71600,172.92400,172.63900,172.77500,21410
2025.09.04 12:00,172.77800,172.87500,172.53900,172.84800,22812
2025.09.04 16:00,172.84700,173.20600,172.78500,172.98000,28187
2025.09.04 20:00,172.98100,173.04500,172.94700,172.96100,12498
2025.09.05 00:00,172.88200,173.02900,172.70900,172.75900,11070
2025.09.05 04:00,172.75900,172.98200,172.74800,172.92100,15641
2025.09.05 08:00,172.92000,173.10400,172.88300,173.09400,17130
2025.09.05 12:00,173.09400,173.26100,172.76300,172.84000,26581
2025.09.05 16:00,172.84000,172.87600,172.48400,172.71900,43353
2025.09.05 20:00,172.71900,172.83100,172.64600,172.67600,18147
2025.09.08 00:00,173.44400,173.90300,173.28600,173.74200,17173
2025.09.08 04:00,173.74300,173.80500,173.35300,173.54400,21091
2025.09.08 08:00,173.53700,173.59800,173.06200,173.24800,26495
2025.09.08 12:00,173.24800,173.39500,173.11500,173.35500,20769
2025.09.08 16:00,173.35500,173.65000,173.31400,173.38700,28005
2025.09.08 20:00,173.38600,173.52400,173.30800,173.51900,17126
2025.09.09 00:00,173.32700,173.50700,173.22200,173.43800,11774
2025.09.09 04:00,173.43900,173.46900,173.19000,173.20600,13041
2025.09.09 08:00,173.20500,173.20500,172.25300,172.41900,28566
2025.09.09 12:00,172.41800,172.44400,172.12900,172.44100,27334
2025.09.09 16:00,172.43900,172.67100,172.30200,172.58100,29857
2025.09.09 20:00,172.58200,172.67000,172.50700,172.59700,14598
2025.09.10 00:00,172.38800,172.64100,172.35800,172.44000,10605
2025.09.10 04:00,172.44100,172.66900,172.37600,172.58600,15188
2025.09.10 08:00,172.58500,172.74000,172.38000,172.58700,21874
2025.09.10 12:00,172.58700,172.71800,172.44200,172.61100,23673
2025.09.10 16:00,172.60900,172.90400,172.45200,172.50400,29446
2025.09.10 20:00,172.50400,172.52500,172.36600,172.44200,13900
2025.09.11 00:00,172.32600,172.49600,172.27800,172.44500,8586
2025.09.11 04:00,172.44400,172.52600,172.34900,172.49200,10919
2025.09.11 08:00,172.49300,172.90500,172.41600,172.87000,17983
2025.09.11 12:00,172.87000,172.96400,172.51000,172.83500,25017
2025.09.11 16:00,172.83600,173.05000,172.50400,172.60000,34041
2025.09.11 20:00,172.60000,172.83400,172.58000,172.78100,16719
2025.09.12 00:00,172.65800,172.86100,172.61100,172.74800,8852
2025.09.12 04:00,172.74800,173.00800,172.69600,172.96100,11718
2025.09.12 08:00,172.96500,173.38400,172.78000,173.30000,20541
2025.09.12 12:00,173.30000,173.43400,173.15200,173.16900,20620
2025.09.12 16:00,173.16900,173.26200,172.96900,173.19300,24184
2025.09.12 20:00,173.19500,173.27200,173.08600,173.26300,12589
2025.09.15 00:00,173.31300,173.35400,172.96300,173.02100,6426
2025.09.15 04:00,173.02100,173.09900,172.88700,172.95800,12373
2025.09.15 08:00,172.95900,173.10700,172.89800,173.00800,19367
2025.09.15 12:00,173.00900,173.44000,172.98000,173.32200,18953
2025.09.15 16:00,173.32200,173.38600,173.17700,173.23900,24195
2025.09.15 20:00,173.23800,173.44500,173.23500,173.36200,13403
2025.09.16 00:00,173.28800,173.43000,173.19500,173.41500,10122
2025.09.16 04:00,173.41800,173.48800,173.09500,173.13000,17755
2025.09.16 08:00,173.13100,173.45200,173.01700,173.37000,24864
2025.09.16 12:00,173.37300,173.68600,173.36600,173.63700,25284
2025.09.16 16:00,173.63600,173.78900,173.45900,173.64000,33298
2025.09.16 20:00,173.64000,173.81300,173.58600,173.78600,17575
2025.09.17 00:00,173.61500,173.84500,173.56900,173.75500,10710
2025.09.17 04:00,173.75600,173.76400,173.58900,173.60000,12013
2025.09.17 08:00,173.60400,173.74800,173.44300,173.51200,18434
2025.09.17 12:00,173.51400,173.52500,173.08200,173.35700,21311
2025.09.17 16:00,173.35800,173.44700,173.26800,173.38900,22604
2025.09.17 20:00,173.38800,173.76700,173.17200,173.63100,39100
2025.09.18 00:00,173.56800,173.75200,173.45900,173.72600,13081
2025.09.18 04:00,173.72500,173.79400,173.60600,173.62500,16586
2025.09.18 08:00,173.62500,174.46500,173.59700,174.37500,25830
2025.09.18 12:00,174.37400,174.43100,174.14400,174.32100,25133
2025.09.18 16:00,174.31600,174.41800,174.12900,174.28300,32682
2025.09.18 20:00,174.28200,174.42000,174.24500,174.41700,15045
2025.09.19 00:00,174.26700,174.49500,174.21500,174.45400,10880
2025.09.19 04:00,174.45400,174.45600,173.47700,173.69700,25370
2025.09.19 08:00,173.69800,174.16000,173.57300,173.89700,29912
2025.09.19 12:00,173.89600,174.05600,173.76000,173.88600,21864
2025.09.19 16:00,173.88500,173.99200,173.64400,173.77300,27546
2025.09.19 20:00,173.77300,173.86800,173.73200,173.77300,13491
2025.09.22 00:00,173.70800,173.91300,173.64500,173.86400,8556
2025.09.22 04:00,173.86400,174.07100,173.84100,173.95400,14214
2025.09.22 08:00,173.95400,174.06500,173.83200,173.91800,20717
2025.09.22 12:00,173.91800,174.26700,173.87800,174.20700,21385
2025.09.22 16:00,174.20900,174.26300,173.97300,174.16300,24595
2025.09.22 20:00,174.16400,174.38100,174.13100,174.34900,10155
2025.09.23 00:00,174.29400,174.38500,174.06300,174.33400,7662
2025.09.23 04:00,174.33400,174.48600,174.29700,174.36000,13134
2025.09.23 08:00,174.36100,174.41500,174.04800,174.16200,22068
2025.09.23 12:00,174.16200,174.38500,174.10500,174.32000,20847
2025.09.23 16:00,174.32000,174.47100,174.21200,174.43800,25589
2025.09.23 20:00,174.43700,174.46000,174.22400,174.42200,15409
2025.09.24 00:00,174.31800,174.53200,174.21500,174.42400,10742
2025.09.24 04:00,174.42400,174.64200,174.29600,174.56000,13607
2025.09.24 08:00,174.56100,174.62600,174.33100,174.52800,19563
2025.09.24 12:00,174.52900,174.58500,174.35700,174.57000,19757
2025.09.24 16:00,174.56900,174.69400,174.44600,174.53300,24561
2025.09.24 20:00,174.53400,174.78100,174.52200,174.76600,12626
2025.09.25 00:00,174.64700,174.78300,174.48800,174.52700,8612
2025.09.25 04:00,174.52700,174.77800,174.51800,174.63500,11731
2025.09.25 08:00,174.63500,174.86400,174.50000,174.65300,20635
2025.09.25 12:00,174.65700,174.82600,174.48500,174.57900,21361
2025.09.25 16:00,174.58200,174.93400,174.52000,174.83700,31511
2025.09.25 20:00,174.84000,174.85600,174.54300,174.73100,16213
2025.09.26 00:00,174.59500,174.84500,174.52200,174.69400,13483
2025.09.26 04:00,174.69400,174.85500,174.65100,174.77500,12751
2025.09.26 08:00,174.77500,175.01000,174.74300,174.91200,20603
2025.09.26 12:00,174.91100,174.96700,174.70600,174.79600,23073
2025.09.26 16:00,174.80000,175.04400,174.76200,174.85900,30652
2025.09.26 20:00,174.86000,175.00200,174.80900,174.89300,13531
2025.09.29 00:00,174.72800,175.00500,174.71800,174.85200,10172
2025.09.29 04:00,174.85300,174.88400,174.58300,174.66700,17139
2025.09.29 08:00,174.66700,174.74700,173.98000,174.12300,24916
2025.09.29 12:00,174.12300,174.61500,174.04800,174.60300,22720
2025.09.29 16:00,174.60200,174.64300,174.17500,174.26800,25927
2025.09.29 20:00,174.26700,174.37500,174.14200,174.24100,12185
2025.09.30 00:00,174.22900,174.41200,174.13400,174.39200,11436
2025.09.30 04:00,174.39200,174.39600,173.95800,174.04900,18805
2025.09.30 08:00,174.05200,174.12400,173.68800,173.80700,25778
2025.09.30 12:00,173.80200,173.91700,173.56400,173.65300,21940
2025.09.30 16:00,173.65300,173.69800,173.38300,173.68600,32276
2025.09.30 20:00,173.68600,173.71500,173.52700,173.56400,13412
2025.10.01 00:00,173.33900,173.91100,173.33700,173.81400,13160
2025.10.01 04:00,173.81400,173.83400,173.47300,173.49100,17863
2025.10.01 08:00,173.49300,173.57000,172.80100,172.88600,32917
2025.10.01 12:00,172.88300,172.91300,172.29400,172.46800,34672
2025.10.01 16:00,172.46700,172.66000,172.34100,172.51200,38305
2025.10.01 20:00,172.51200,172.65800,172.49500,172.51100,14363
2025.10.02 00:00,172.44600,172.74100,172.34500,172.64800,12249
2025.10.02 04:00,172.64700,172.76200,172.50300,172.69200,12929
2025.10.02 08:00,172.69300,172.97800,172.45800,172.53200,20395
2025.10.02 12:00,172.53300,172.80500,172.27000,172.72600,23092
2025.10.02 16:00,172.72600,172.73900,172.25900,172.39600,28835
2025.10.02 20:00,172.39500,172.56400,172.37300,172.52200,10441
2025.10.03 00:00,172.42400,172.76600,172.41300,172.75400,8366
2025.10.03 04:00,172.75400,173.20700,172.62200,173.09700,12462
2025.10.03 08:00,173.09700,173.18400,172.90300,172.96300,17702
2025.10.03 12:00,172.96300,173.00500,172.78800,172.87800,16770
2025.10.03 16:00,172.87800,173.23700,172.74800,173.15800,25511
2025.10.03 20:00,173.15800,173.16700,173.00700,173.15600,10300
2025.10.06 00:00,175.16300,175.49500,174.72300,175.39000,24815
2025.10.06 04:00,175.39500,176.23500,175.29100,176.16300,20048
2025.10.06 08:00,176.16300,176.24600,174.89300,175.44300,29669
2025.10.06 12:00,175.43400,175.58500,174.96000,175.07500,27867
2025.10.06 16:00,175.07400,175.86900,175.05100,175.86300,26961
2025.10.06 20:00,175.86300,176.13600,175.77300,176.10700,14867
2025.10.07 00:00,175.94700,176.33800,175.78700,176.19900,11231
2025.10.07 04:00,176.19900,176.25500,175.86800,175.95400,10645
2025.10.07 08:00,175.95500,176.09700,175.77700,175.90600,19450
2025.10.07 12:00,175.90500,176.05500,175.78600,175.96800,19583
2025.10.07 16:00,175.96800,176.71800,175.88900,176.59000,28877
2025.10.07 20:00,176.59100,177.13900,176.58800,177.04700,19640
2025.10.08 00:00,176.99900,177.45100,176.92700,177.39000,14085
2025.10.08 04:00,177.38800,177.43000,176.95500,177.02900,22610
2025.10.08 08:00,177.03000,177.45000,176.88900,177.40000,24804
2025.10.08 12:00,177.40100,177.84900,177.35200,177.39600,24923
2025.10.08 16:00,177.39700,177.58800,177.17700,177.27300,27190
2025.10.08 20:00,177.27300,177.62000,177.26300,177.53900,16296
2025.10.09 00:00,177.39000,177.69500,177.23000,177.69500,15604
2025.10.09 04:00,177.69600,177.78200,177.40600,177.55200,13985
2025.10.09 08:00,177.55300,177.93000,177.38200,177.43200,24161
2025.10.09 12:00,177.43500,177.50200,177.22800,177.40900,22380
2025.10.09 16:00,177.40700,177.47400,176.75000,176.83300,38833
2025.10.09 20:00,176.83300,177.03500,176.78700,177.02600,16661
2025.10.10 00:00,176.72800,177.15200,176.71600,176.93500,13061
2025.10.10 04:00,176.93500,177.01200,176.64400,176.79700,13765
2025.10.10 08:00,176.79800,177.07900,176.32600,176.75000,27955
2025.10.10 12:00,176.75000,176.92200,176.43500,176.54200,20850
2025.10.10 16:00,176.54200,176.68900,176.16600,176.28300,44090
2025.10.10 20:00,176.28300,176.32000,175.66300,175.69800,26396